month,year,city,state,countKiaHyundaiThefts,countOtherThefts,percentKiaHyundai
Jan,2019,Atlanta,GA,17,264,0.060
Feb,2019,Atlanta,GA,11,205,0.051
Mar,2019,Atlanta,GA,18,181,0.090
Apr,2019,Atlanta,GA,15,223,0.063
May,2019,Atlanta,GA,16,277,0.055
Jun,2019,Atlanta,GA,14,220,0.060
Jul,2019,Atlanta,GA,19,267,0.066
Aug,2019,Atlanta,GA,12,242,0.047
Sep,2019,Atlanta,GA,11,234,0.045
Oct,2019,Atlanta,GA,12,206,0.055
Nov,2019,Atlanta,GA,17,216,0.073
Dec,2019,Atlanta,GA,17,263,0.061
Jan,2020,Atlanta,GA,15,253,0.056
Feb,2020,Atlanta,GA,17,206,0.076
Mar,2020,Atlanta,GA,27,179,0.131
Apr,2020,Atlanta,GA,8,150,0.051
May,2020,Atlanta,GA,9,158,0.054
Jun,2020,Atlanta,GA,13,204,0.060
Jul,2020,Atlanta,GA,21,269,0.072
Aug,2020,Atlanta,GA,17,255,0.063
Sep,2020,Atlanta,GA,13,271,0.046
Oct,2020,Atlanta,GA,15,371,0.039
Nov,2020,Atlanta,GA,13,354,0.035
Dec,2020,Atlanta,GA,22,359,0.058
Jan,2021,Atlanta,GA,24,359,0.063
Feb,2021,Atlanta,GA,13,262,0.047
Mar,2021,Atlanta,GA,20,198,0.092
Apr,2021,Atlanta,GA,13,202,0.060
May,2021,Atlanta,GA,14,256,0.052
Jun,2021,Atlanta,GA,11,202,0.052
Jul,2021,Atlanta,GA,15,244,0.058
Aug,2021,Atlanta,GA,17,233,0.068
Sep,2021,Atlanta,GA,13,257,0.048
Oct,2021,Atlanta,GA,12,228,0.050
Nov,2021,Atlanta,GA,10,235,0.041
Dec,2021,Atlanta,GA,19,219,0.080
Jan,2022,Atlanta,GA,24,239,0.091
Feb,2022,Atlanta,GA,14,204,0.064
Mar,2022,Atlanta,GA,11,210,0.050
Apr,2022,Atlanta,GA,10,192,0.050
May,2022,Atlanta,GA,10,210,0.045
Jun,2022,Atlanta,GA,37,265,0.123
Jul,2022,Atlanta,GA,58,272,0.176
Aug,2022,Atlanta,GA,46,211,0.179
Sep,2022,Atlanta,GA,46,202,0.185
Oct,2022,Atlanta,GA,106,201,0.345
Nov,2022,Atlanta,GA,108,269,0.286
Dec,2022,Atlanta,GA,116,251,0.316
Jan,2019,Baltimore,MD,44,481,0.084
Feb,2019,Baltimore,MD,35,366,0.087
Mar,2019,Baltimore,MD,49,399,0.109
Apr,2019,Baltimore,MD,27,421,0.060
May,2019,Baltimore,MD,34,444,0.071
Jun,2019,Baltimore,MD,30,477,0.059
Jul,2019,Baltimore,MD,48,566,0.078
Aug,2019,Baltimore,MD,33,506,0.061
Sep,2019,Baltimore,MD,37,458,0.075
Oct,2019,Baltimore,MD,34,474,0.067
Nov,2019,Baltimore,MD,31,429,0.067
Dec,2019,Baltimore,MD,35,494,0.066
Jan,2020,Baltimore,MD,38,440,0.079
Feb,2020,Baltimore,MD,30,366,0.076
Mar,2020,Baltimore,MD,28,359,0.072
Apr,2020,Baltimore,MD,28,322,0.080
May,2020,Baltimore,MD,21,332,0.059
Jun,2020,Baltimore,MD,21,361,0.055
Jul,2020,Baltimore,MD,28,381,0.068
Aug,2020,Baltimore,MD,31,410,0.070
Sep,2020,Baltimore,MD,41,393,0.094
Oct,2020,Baltimore,MD,33,375,0.081
Nov,2020,Baltimore,MD,33,399,0.076
Dec,2020,Baltimore,MD,24,355,0.063
Jan,2021,Baltimore,MD,34,348,0.089
Feb,2021,Baltimore,MD,25,316,0.073
Mar,2021,Baltimore,MD,27,347,0.072
Apr,2021,Baltimore,MD,27,322,0.077
May,2021,Baltimore,MD,43,421,0.093
Jun,2021,Baltimore,MD,33,420,0.073
Jul,2021,Baltimore,MD,19,400,0.045
Aug,2021,Baltimore,MD,28,418,0.063
Sep,2021,Baltimore,MD,45,445,0.092
Oct,2021,Baltimore,MD,34,375,0.083
Nov,2021,Baltimore,MD,32,431,0.069
Dec,2021,Baltimore,MD,44,414,0.096
Jan,2022,Baltimore,MD,47,460,0.093
Feb,2022,Baltimore,MD,33,348,0.087
Mar,2022,Baltimore,MD,34,357,0.087
Apr,2022,Baltimore,MD,31,373,0.077
May,2022,Baltimore,MD,31,359,0.079
Jun,2022,Baltimore,MD,45,418,0.097
Jul,2022,Baltimore,MD,69,441,0.135
Aug,2022,Baltimore,MD,91,370,0.197
Sep,2022,Baltimore,MD,75,420,0.152
Oct,2022,Baltimore,MD,112,438,0.204
Nov,2022,Baltimore,MD,108,393,0.216
Dec,2022,Baltimore,MD,131,401,0.246
Jan,2020,Buffalo,NY,8,131,0.058
Feb,2020,Buffalo,NY,9,92,0.089
Mar,2020,Buffalo,NY,4,82,0.047
Apr,2020,Buffalo,NY,4,69,0.055
May,2020,Buffalo,NY,5,90,0.053
Jun,2020,Buffalo,NY,15,110,0.120
Jul,2020,Buffalo,NY,12,149,0.075
Aug,2020,Buffalo,NY,14,141,0.090
Sep,2020,Buffalo,NY,8,141,0.054
Oct,2020,Buffalo,NY,10,202,0.047
Nov,2020,Buffalo,NY,14,167,0.077
Dec,2020,Buffalo,NY,13,162,0.074
Jan,2021,Buffalo,NY,24,205,0.105
Feb,2021,Buffalo,NY,20,193,0.094
Mar,2021,Buffalo,NY,19,163,0.104
Apr,2021,Buffalo,NY,14,167,0.077
May,2021,Buffalo,NY,16,110,0.127
Jun,2021,Buffalo,NY,9,106,0.078
Jul,2021,Buffalo,NY,14,125,0.101
Aug,2021,Buffalo,NY,8,115,0.065
Sep,2021,Buffalo,NY,7,85,0.076
Oct,2021,Buffalo,NY,6,116,0.049
Nov,2021,Buffalo,NY,8,123,0.061
Dec,2021,Buffalo,NY,6,116,0.049
Jan,2022,Buffalo,NY,8,137,0.055
Feb,2022,Buffalo,NY,8,93,0.079
Mar,2022,Buffalo,NY,14,106,0.117
Apr,2022,Buffalo,NY,5,103,0.046
May,2022,Buffalo,NY,10,115,0.080
Jun,2022,Buffalo,NY,12,128,0.086
Jul,2022,Buffalo,NY,19,135,0.123
Aug,2022,Buffalo,NY,53,120,0.306
Sep,2022,Buffalo,NY,49,120,0.290
Oct,2022,Buffalo,NY,85,84,0.503
Nov,2022,Buffalo,NY,54,89,0.378
Dec,2022,Buffalo,NY,144,91,0.613
Jan,2019,Chicago,IL,52,586,0.082
Feb,2019,Chicago,IL,43,552,0.072
Mar,2019,Chicago,IL,44,602,0.068
Apr,2019,Chicago,IL,57,614,0.085
May,2019,Chicago,IL,47,646,0.068
Jun,2019,Chicago,IL,45,676,0.062
Jul,2019,Chicago,IL,63,725,0.080
Aug,2019,Chicago,IL,55,696,0.073
Sep,2019,Chicago,IL,37,582,0.060
Oct,2019,Chicago,IL,39,631,0.058
Nov,2019,Chicago,IL,41,592,0.065
Dec,2019,Chicago,IL,53,662,0.074
Jan,2020,Chicago,IL,41,579,0.066
Feb,2020,Chicago,IL,43,556,0.072
Mar,2020,Chicago,IL,37,543,0.064
Apr,2020,Chicago,IL,46,569,0.075
May,2020,Chicago,IL,62,751,0.076
Jun,2020,Chicago,IL,58,654,0.081
Jul,2020,Chicago,IL,66,785,0.078
Aug,2020,Chicago,IL,70,860,0.075
Sep,2020,Chicago,IL,45,814,0.052
Oct,2020,Chicago,IL,52,875,0.056
Nov,2020,Chicago,IL,60,817,0.068
Dec,2020,Chicago,IL,71,818,0.080
Jan,2021,Chicago,IL,64,725,0.081
Feb,2021,Chicago,IL,48,573,0.077
Mar,2021,Chicago,IL,62,706,0.081
Apr,2021,Chicago,IL,49,578,0.078
May,2021,Chicago,IL,39,606,0.060
Jun,2021,Chicago,IL,54,727,0.069
Jul,2021,Chicago,IL,57,767,0.069
Aug,2021,Chicago,IL,62,832,0.069
Sep,2021,Chicago,IL,79,915,0.079
Oct,2021,Chicago,IL,81,1058,0.071
Nov,2021,Chicago,IL,73,983,0.069
Dec,2021,Chicago,IL,82,1005,0.075
Jan,2022,Chicago,IL,106,992,0.097
Feb,2022,Chicago,IL,77,867,0.082
Mar,2022,Chicago,IL,80,972,0.076
Apr,2022,Chicago,IL,88,901,0.089
May,2022,Chicago,IL,62,954,0.061
Jun,2022,Chicago,IL,138,972,0.124
Jul,2022,Chicago,IL,476,1190,0.286
Aug,2022,Chicago,IL,706,1214,0.368
Sep,2022,Chicago,IL,912,1152,0.442
Oct,2022,Chicago,IL,1483,1092,0.576
Nov,2022,Chicago,IL,1453,941,0.607
Dec,2022,Chicago,IL,1220,1016,0.546
Jan,2020,Cleveland,OH,35,251,0.122
Feb,2020,Cleveland,OH,12,222,0.051
Mar,2020,Cleveland,OH,14,203,0.065
Apr,2020,Cleveland,OH,21,191,0.099
May,2020,Cleveland,OH,20,242,0.076
Jun,2020,Cleveland,OH,22,255,0.079
Jul,2020,Cleveland,OH,20,271,0.069
Aug,2020,Cleveland,OH,29,278,0.094
Sep,2020,Cleveland,OH,28,272,0.093
Oct,2020,Cleveland,OH,27,270,0.091
Nov,2020,Cleveland,OH,18,242,0.069
Dec,2020,Cleveland,OH,18,254,0.066
Jan,2021,Cleveland,OH,30,306,0.089
Feb,2021,Cleveland,OH,23,241,0.087
Mar,2021,Cleveland,OH,25,235,0.096
Apr,2021,Cleveland,OH,16,219,0.068
May,2021,Cleveland,OH,28,287,0.089
Jun,2021,Cleveland,OH,25,275,0.083
Jul,2021,Cleveland,OH,39,316,0.110
Aug,2021,Cleveland,OH,27,286,0.086
Sep,2021,Cleveland,OH,22,302,0.068
Oct,2021,Cleveland,OH,20,279,0.067
Nov,2021,Cleveland,OH,23,267,0.079
Dec,2021,Cleveland,OH,29,253,0.103
Jan,2022,Cleveland,OH,49,293,0.143
Feb,2022,Cleveland,OH,26,243,0.097
Mar,2022,Cleveland,OH,31,280,0.100
Apr,2022,Cleveland,OH,17,217,0.073
May,2022,Cleveland,OH,29,228,0.113
Jun,2022,Cleveland,OH,28,229,0.109
Jul,2022,Cleveland,OH,124,211,0.370
Aug,2022,Cleveland,OH,105,216,0.327
Sep,2022,Cleveland,OH,204,202,0.502
Oct,2022,Cleveland,OH,299,248,0.547
Nov,2022,Cleveland,OH,403,214,0.653
Dec,2022,Cleveland,OH,465,237,0.662
Jan,2019,Dayton,OH,2,75,0.026
Feb,2019,Dayton,OH,4,60,0.063
Mar,2019,Dayton,OH,6,49,0.109
Apr,2019,Dayton,OH,3,56,0.051
May,2019,Dayton,OH,4,63,0.060
Jun,2019,Dayton,OH,2,71,0.027
Jul,2019,Dayton,OH,4,84,0.045
Aug,2019,Dayton,OH,3,82,0.035
Sep,2019,Dayton,OH,2,63,0.031
Oct,2019,Dayton,OH,3,52,0.055
Nov,2019,Dayton,OH,6,55,0.098
Dec,2019,Dayton,OH,2,55,0.035
Jan,2020,Dayton,OH,5,65,0.071
Feb,2020,Dayton,OH,5,64,0.072
Mar,2020,Dayton,OH,6,77,0.072
Apr,2020,Dayton,OH,6,65,0.085
May,2020,Dayton,OH,4,68,0.056
Jun,2020,Dayton,OH,3,67,0.043
Jul,2020,Dayton,OH,4,56,0.067
Aug,2020,Dayton,OH,4,70,0.054
Sep,2020,Dayton,OH,4,72,0.053
Oct,2020,Dayton,OH,7,71,0.090
Nov,2020,Dayton,OH,5,62,0.075
Dec,2020,Dayton,OH,5,87,0.054
Jan,2021,Dayton,OH,6,76,0.073
Feb,2021,Dayton,OH,2,83,0.024
Mar,2021,Dayton,OH,1,61,0.016
Apr,2021,Dayton,OH,2,64,0.030
May,2021,Dayton,OH,4,58,0.065
Jun,2021,Dayton,OH,2,61,0.032
Jul,2021,Dayton,OH,4,64,0.059
Aug,2021,Dayton,OH,3,68,0.042
Sep,2021,Dayton,OH,6,70,0.079
Oct,2021,Dayton,OH,1,61,0.016
Nov,2021,Dayton,OH,5,80,0.059
Dec,2021,Dayton,OH,3,71,0.041
Jan,2022,Dayton,OH,1,85,0.012
Feb,2022,Dayton,OH,5,68,0.068
Mar,2022,Dayton,OH,5,69,0.068
Apr,2022,Dayton,OH,3,68,0.042
May,2022,Dayton,OH,5,64,0.072
Jun,2022,Dayton,OH,9,63,0.125
Jul,2022,Dayton,OH,42,83,0.336
Aug,2022,Dayton,OH,111,90,0.552
Sep,2022,Dayton,OH,78,78,0.500
Oct,2022,Dayton,OH,134,96,0.583
Nov,2022,Dayton,OH,100,63,0.613
Dec,2022,Dayton,OH,173,73,0.703
Jan,2019,Louisville,KY,24,250,0.088
Feb,2019,Louisville,KY,18,217,0.077
Mar,2019,Louisville,KY,19,236,0.075
Apr,2019,Louisville,KY,16,224,0.067
May,2019,Louisville,KY,14,255,0.052
Jun,2019,Louisville,KY,28,318,0.081
Jul,2019,Louisville,KY,11,268,0.039
Aug,2019,Louisville,KY,11,274,0.039
Sep,2019,Louisville,KY,20,228,0.081
Oct,2019,Louisville,KY,16,230,0.065
Nov,2019,Louisville,KY,31,240,0.114
Dec,2019,Louisville,KY,21,220,0.087
Jan,2020,Louisville,KY,18,219,0.076
Feb,2020,Louisville,KY,12,211,0.054
Mar,2020,Louisville,KY,12,227,0.050
Apr,2020,Louisville,KY,15,255,0.056
May,2020,Louisville,KY,15,235,0.060
Jun,2020,Louisville,KY,26,311,0.077
Jul,2020,Louisville,KY,25,387,0.061
Aug,2020,Louisville,KY,21,336,0.059
Sep,2020,Louisville,KY,19,283,0.063
Oct,2020,Louisville,KY,22,326,0.063
Nov,2020,Louisville,KY,16,309,0.049
Dec,2020,Louisville,KY,38,356,0.096
Jan,2021,Louisville,KY,36,308,0.105
Feb,2021,Louisville,KY,17,260,0.061
Mar,2021,Louisville,KY,21,256,0.076
Apr,2021,Louisville,KY,30,212,0.124
May,2021,Louisville,KY,21,290,0.068
Jun,2021,Louisville,KY,13,273,0.045
Jul,2021,Louisville,KY,25,273,0.084
Aug,2021,Louisville,KY,18,282,0.060
Sep,2021,Louisville,KY,18,240,0.070
Oct,2021,Louisville,KY,17,252,0.063
Nov,2021,Louisville,KY,32,274,0.105
Dec,2021,Louisville,KY,17,240,0.066
Jan,2022,Louisville,KY,18,286,0.059
Feb,2022,Louisville,KY,23,216,0.096
Mar,2022,Louisville,KY,21,270,0.072
Apr,2022,Louisville,KY,12,238,0.048
May,2022,Louisville,KY,21,273,0.071
Jun,2022,Louisville,KY,38,259,0.128
Jul,2022,Louisville,KY,70,275,0.203
Aug,2022,Louisville,KY,61,246,0.199
Sep,2022,Louisville,KY,65,252,0.205
Oct,2022,Louisville,KY,143,259,0.356
Nov,2022,Louisville,KY,119,228,0.343
Dec,2022,Louisville,KY,160,252,0.388
Jan,2019,Omaha,NE,18,390,0.044
Feb,2019,Omaha,NE,8,320,0.024
Mar,2019,Omaha,NE,16,260,0.058
Apr,2019,Omaha,NE,10,293,0.033
May,2019,Omaha,NE,9,266,0.033
Jun,2019,Omaha,NE,7,268,0.025
Jul,2019,Omaha,NE,19,350,0.051
Aug,2019,Omaha,NE,10,280,0.034
Sep,2019,Omaha,NE,17,272,0.059
Oct,2019,Omaha,NE,6,294,0.020
Nov,2019,Omaha,NE,13,296,0.042
Dec,2019,Omaha,NE,9,280,0.031
Jan,2020,Omaha,NE,14,272,0.049
Feb,2020,Omaha,NE,9,212,0.041
Mar,2020,Omaha,NE,16,234,0.064
Apr,2020,Omaha,NE,8,240,0.032
May,2020,Omaha,NE,7,198,0.034
Jun,2020,Omaha,NE,7,270,0.025
Jul,2020,Omaha,NE,17,278,0.058
Aug,2020,Omaha,NE,12,334,0.035
Sep,2020,Omaha,NE,16,342,0.045
Oct,2020,Omaha,NE,19,433,0.042
Nov,2020,Omaha,NE,7,312,0.022
Dec,2020,Omaha,NE,12,299,0.039
Jan,2021,Omaha,NE,17,257,0.062
Feb,2021,Omaha,NE,17,261,0.061
Mar,2021,Omaha,NE,9,266,0.033
Apr,2021,Omaha,NE,5,228,0.021
May,2021,Omaha,NE,13,260,0.048
Jun,2021,Omaha,NE,7,287,0.024
Jul,2021,Omaha,NE,14,284,0.047
Aug,2021,Omaha,NE,16,301,0.050
Sep,2021,Omaha,NE,11,310,0.034
Oct,2021,Omaha,NE,19,350,0.051
Nov,2021,Omaha,NE,5,239,0.020
Dec,2021,Omaha,NE,13,298,0.042
Jan,2022,Omaha,NE,9,278,0.031
Feb,2022,Omaha,NE,21,262,0.074
Mar,2022,Omaha,NE,10,278,0.035
Apr,2022,Omaha,NE,14,256,0.052
May,2022,Omaha,NE,13,220,0.056
Jun,2022,Omaha,NE,24,223,0.097
Jul,2022,Omaha,NE,71,309,0.187
Aug,2022,Omaha,NE,87,313,0.217
Sep,2022,Omaha,NE,19,281,0.063
Oct,2022,Omaha,NE,56,348,0.139
Nov,2022,Omaha,NE,115,328,0.260
Dec,2022,Omaha,NE,118,342,0.257
Jan,2019,Portland,OR,9,525,0.017
Feb,2019,Portland,OR,12,538,0.022
Mar,2019,Portland,OR,8,528,0.015
Apr,2019,Portland,OR,13,495,0.026
May,2019,Portland,OR,13,526,0.024
Jun,2019,Portland,OR,9,515,0.017
Jul,2019,Portland,OR,12,510,0.023
Aug,2019,Portland,OR,8,474,0.017
Sep,2019,Portland,OR,16,522,0.030
Oct,2019,Portland,OR,11,528,0.020
Nov,2019,Portland,OR,10,508,0.019
Dec,2019,Portland,OR,13,579,0.022
Jan,2020,Portland,OR,12,547,0.021
Feb,2020,Portland,OR,10,488,0.020
Mar,2020,Portland,OR,4,461,0.009
Apr,2020,Portland,OR,7,481,0.014
May,2020,Portland,OR,7,380,0.018
Jun,2020,Portland,OR,11,412,0.026
Jul,2020,Portland,OR,11,517,0.021
Aug,2020,Portland,OR,8,621,0.013
Sep,2020,Portland,OR,11,646,0.017
Oct,2020,Portland,OR,13,603,0.021
Nov,2020,Portland,OR,17,617,0.027
Dec,2020,Portland,OR,14,556,0.025
Jan,2021,Portland,OR,27,528,0.049
Feb,2021,Portland,OR,8,478,0.016
Mar,2021,Portland,OR,21,595,0.034
Apr,2021,Portland,OR,11,497,0.022
May,2021,Portland,OR,5,585,0.008
Jun,2021,Portland,OR,17,634,0.026
Jul,2021,Portland,OR,18,723,0.024
Aug,2021,Portland,OR,20,782,0.025
Sep,2021,Portland,OR,14,884,0.016
Oct,2021,Portland,OR,27,1008,0.026
Nov,2021,Portland,OR,27,1114,0.024
Dec,2021,Portland,OR,19,1019,0.018
Jan,2022,Portland,OR,39,988,0.038
Feb,2022,Portland,OR,29,774,0.036
Mar,2022,Portland,OR,32,1008,0.031
Apr,2022,Portland,OR,32,860,0.036
May,2022,Portland,OR,31,819,0.036
Jun,2022,Portland,OR,43,787,0.052
Jul,2022,Portland,OR,84,781,0.097
Aug,2022,Portland,OR,183,756,0.195
Sep,2022,Portland,OR,124,734,0.145
Oct,2022,Portland,OR,172,760,0.185
Nov,2022,Portland,OR,245,719,0.254
Dec,2022,Portland,OR,301,592,0.337
Jan,2019,Rochester,NY,6,46,0.115
Feb,2019,Rochester,NY,4,36,0.100
Mar,2019,Rochester,NY,4,35,0.103
Apr,2019,Rochester,NY,6,22,0.214
May,2019,Rochester,NY,7,31,0.184
Jun,2019,Rochester,NY,8,49,0.140
Jul,2019,Rochester,NY,6,41,0.128
Aug,2019,Rochester,NY,6,53,0.102
Sep,2019,Rochester,NY,7,42,0.143
Oct,2019,Rochester,NY,2,35,0.054
Nov,2019,Rochester,NY,4,46,0.080
Dec,2019,Rochester,NY,6,50,0.107
Jan,2020,Rochester,NY,9,56,0.138
Feb,2020,Rochester,NY,5,43,0.104
Mar,2020,Rochester,NY,6,54,0.100
Apr,2020,Rochester,NY,10,43,0.189
May,2020,Rochester,NY,8,47,0.145
Jun,2020,Rochester,NY,11,45,0.196
Jul,2020,Rochester,NY,12,60,0.167
Aug,2020,Rochester,NY,11,59,0.157
Sep,2020,Rochester,NY,9,47,0.161
Oct,2020,Rochester,NY,9,60,0.130
Nov,2020,Rochester,NY,18,78,0.188
Dec,2020,Rochester,NY,9,92,0.089
Jan,2021,Rochester,NY,9,70,0.114
Feb,2021,Rochester,NY,12,76,0.136
Mar,2021,Rochester,NY,16,56,0.222
Apr,2021,Rochester,NY,11,63,0.149
May,2021,Rochester,NY,11,71,0.134
Jun,2021,Rochester,NY,13,55,0.191
Jul,2021,Rochester,NY,14,64,0.179
Aug,2021,Rochester,NY,12,60,0.167
Sep,2021,Rochester,NY,10,62,0.139
Oct,2021,Rochester,NY,12,72,0.143
Nov,2021,Rochester,NY,8,90,0.082
Dec,2021,Rochester,NY,18,80,0.184
Jan,2022,Rochester,NY,15,71,0.174
Feb,2022,Rochester,NY,8,77,0.094
Mar,2022,Rochester,NY,16,70,0.186
Apr,2022,Rochester,NY,11,67,0.141
May,2022,Rochester,NY,19,68,0.218
Jun,2022,Rochester,NY,18,74,0.196
Jul,2022,Rochester,NY,38,62,0.380
Aug,2022,Rochester,NY,34,59,0.366
Sep,2022,Rochester,NY,20,60,0.250
Oct,2022,Rochester,NY,24,81,0.229
Nov,2022,Rochester,NY,41,62,0.398
Dec,2022,Rochester,NY,47,73,0.392
Jan,2020,Saint Paul,MN,10,216,0.044
Feb,2020,Saint Paul,MN,18,205,0.081
Mar,2020,Saint Paul,MN,11,170,0.061
Apr,2020,Saint Paul,MN,11,215,0.049
May,2020,Saint Paul,MN,10,210,0.045
Jun,2020,Saint Paul,MN,7,238,0.029
Jul,2020,Saint Paul,MN,8,220,0.035
Aug,2020,Saint Paul,MN,4,253,0.016
Sep,2020,Saint Paul,MN,5,240,0.020
Oct,2020,Saint Paul,MN,13,261,0.047
Nov,2020,Saint Paul,MN,10,234,0.041
Dec,2020,Saint Paul,MN,10,271,0.036
Jan,2021,Saint Paul,MN,12,258,0.044
Feb,2021,Saint Paul,MN,20,260,0.071
Mar,2021,Saint Paul,MN,13,167,0.072
Apr,2021,Saint Paul,MN,1,132,0.008
May,2021,Saint Paul,MN,2,174,0.011
Jun,2021,Saint Paul,MN,11,183,0.057
Jul,2021,Saint Paul,MN,8,241,0.032
Aug,2021,Saint Paul,MN,12,191,0.059
Sep,2021,Saint Paul,MN,4,200,0.020
Oct,2021,Saint Paul,MN,6,219,0.027
Nov,2021,Saint Paul,MN,22,221,0.091
Dec,2021,Saint Paul,MN,23,282,0.075
Jan,2022,Saint Paul,MN,29,283,0.093
Feb,2022,Saint Paul,MN,48,211,0.185
Mar,2022,Saint Paul,MN,45,243,0.156
Apr,2022,Saint Paul,MN,54,194,0.218
May,2022,Saint Paul,MN,76,186,0.290
Jun,2022,Saint Paul,MN,134,161,0.454
Jul,2022,Saint Paul,MN,141,171,0.452
Aug,2022,Saint Paul,MN,103,199,0.341
Sep,2022,Saint Paul,MN,48,167,0.223
Oct,2022,Saint Paul,MN,118,133,0.470
Nov,2022,Saint Paul,MN,97,108,0.473
Dec,2022,Saint Paul,MN,66,129,0.338
Jan,2019,Seattle,WA,0,292,0.000
Feb,2019,Seattle,WA,0,240,0.000
Mar,2019,Seattle,WA,0,271,0.000
Apr,2019,Seattle,WA,1,95,0.010
May,2019,Seattle,WA,7,343,0.020
Jun,2019,Seattle,WA,8,306,0.025
Jul,2019,Seattle,WA,2,360,0.006
Aug,2019,Seattle,WA,6,379,0.016
Sep,2019,Seattle,WA,6,349,0.017
Oct,2019,Seattle,WA,12,373,0.031
Nov,2019,Seattle,WA,8,374,0.021
Dec,2019,Seattle,WA,12,311,0.037
Jan,2020,Seattle,WA,6,357,0.017
Feb,2020,Seattle,WA,9,265,0.033
Mar,2020,Seattle,WA,5,285,0.017
Apr,2020,Seattle,WA,7,349,0.020
May,2020,Seattle,WA,8,270,0.029
Jun,2020,Seattle,WA,5,357,0.014
Jul,2020,Seattle,WA,10,435,0.022
Aug,2020,Seattle,WA,14,444,0.031
Sep,2020,Seattle,WA,11,485,0.022
Oct,2020,Seattle,WA,14,513,0.027
Nov,2020,Seattle,WA,14,430,0.032
Dec,2020,Seattle,WA,17,443,0.037
Jan,2021,Seattle,WA,12,416,0.028
Feb,2021,Seattle,WA,15,352,0.041
Mar,2021,Seattle,WA,9,365,0.024
Apr,2021,Seattle,WA,12,339,0.034
May,2021,Seattle,WA,17,335,0.048
Jun,2021,Seattle,WA,16,392,0.039
Jul,2021,Seattle,WA,14,380,0.036
Aug,2021,Seattle,WA,19,453,0.040
Sep,2021,Seattle,WA,20,534,0.036
Oct,2021,Seattle,WA,14,567,0.024
Nov,2021,Seattle,WA,19,486,0.038
Dec,2021,Seattle,WA,16,501,0.031
Jan,2022,Seattle,WA,14,525,0.026
Feb,2022,Seattle,WA,17,513,0.032
Mar,2022,Seattle,WA,14,540,0.025
Apr,2022,Seattle,WA,10,462,0.021
May,2022,Seattle,WA,15,546,0.027
Jun,2022,Seattle,WA,15,519,0.028
Jul,2022,Seattle,WA,51,498,0.093
Aug,2022,Seattle,WA,43,554,0.072
Sep,2022,Seattle,WA,85,486,0.149
Oct,2022,Seattle,WA,174,510,0.254
Nov,2022,Seattle,WA,184,459,0.286
Dec,2022,Seattle,WA,196,434,0.311
Jan,2022,Washington DC,NA,25,288,0.080
Feb,2022,Washington DC,NA,21,210,0.091
Mar,2022,Washington DC,NA,34,221,0.133
Apr,2022,Washington DC,NA,21,245,0.079
May,2022,Washington DC,NA,17,239,0.066
Jun,2022,Washington DC,NA,26,291,0.082
Jul,2022,Washington DC,NA,31,281,0.099
Aug,2022,Washington DC,NA,37,280,0.117
Sep,2022,Washington DC,NA,32,295,0.098
Oct,2022,Washington DC,NA,62,274,0.185
Nov,2022,Washington DC,NA,91,275,0.249
Dec,2022,Washington DC,NA,150,293,0.339